"","BETA","BETA_sd","Q10_RH","Q10_RH_sd","NPP_FLUX0","NPP_FLUX0_sd","AERO_SCALE","AERO_SCALE_sd","DIFFUSIVITY","DIFFUSIVITY_sd","ECS","ECS_sd"
"1",0.529025499388632,0.0945815203190773,1.75440224536359,1.02450050720247,56.4824456528303,14.5781356577548,1.00280886412102,0.228738575514409,2.3807035320772,0.117803838213828,3.00300601306159,0.692015939364722
